{
    "listVar": 1476.5432098765432,
    "listMean": -2.111111111111111,
    "listMedian": 4,
    "pooledListLength": 9,
    "listOfDatasets": [
        {
            "listVar": 1792.75,
            "listMean": -28.5,
            "listMedian": -9,
            "listSD": 42.3408785926792,
            "listName": "list 1",
            "numList": [
                -100,
                -20,
                2,
                4
            ],
            "listLength": 4
        },
        {
            "listVar": 174.2222222222222,
            "listMean": 27.333333333333332,
            "listMedian": 30,
            "listSD": 13.199326582148887,
            "listName": "list 2",
            "numList": [
                10,
                42,
                30
            ],
            "listLength": 3
        },
        {
            "listVar": 30.25,
            "listMean": 6.5,
            "listMedian": 6.5,
            "listSD": 5.5,
            "listName": "list 3",
            "numList": [
                1,
                12
            ],
            "listLength": 2
        }
    ],
    "listSD": 38.42581436842352,
    "pooledList": [
        -100,
        -20,
        1,
        2,
        4,
        10,
        12,
        30,
        42
    ],
    "name": "Database",
    "listLength": 3
}